{"cameraMode":{"drawMode":0,"name":"Shaded","section":"Shading Mode"},"sceneLighting":true,"audioPlay":false,"sceneViewState":{"showFog":false,"showMaterialUpdate":false,"showSkybox":false,"showFlares":false,"showImageEffects":false,"showParticleSystems":false},"in2DMode":false,"pivot":{"x":-59.540565490722659,"y":4.402010917663574,"z":-0.09076285362243653},"rotation":{"x":-0.3512728214263916,"y":0.10890450328588486,"z":-0.041178952902555469,"w":-0.9290069937705994},"size":6.738022804260254,"orthographic":true}