{"cameraMode":{"drawMode":0,"name":"Shaded","section":"Shading Mode"},"sceneLighting":false,"audioPlay":false,"sceneViewState":{"showFog":false,"showMaterialUpdate":false,"showSkybox":false,"showFlares":false,"showImageEffects":false,"showParticleSystems":false},"in2DMode":false,"pivot":{"x":0.05999999865889549,"y":7.460000038146973,"z":-0.2199999988079071},"rotation":{"x":0.1997421681880951,"y":0.6468237042427063,"z":-0.18110471963882447,"w":0.7133884429931641},"size":10.0,"orthographic":false}