{"cameraMode":{"drawMode":0,"name":"Shaded","section":"Shading Mode"},"sceneLighting":true,"audioPlay":false,"sceneViewState":{"showFog":false,"showMaterialUpdate":false,"showSkybox":false,"showFlares":false,"showImageEffects":false,"showParticleSystems":false},"in2DMode":false,"pivot":{"x":-48.19424819946289,"y":7.625277042388916,"z":1.5084279775619507},"rotation":{"x":0.16519580781459809,"y":0.3187815845012665,"z":0.05653149262070656,"w":-0.9316118359565735},"size":3.6157829761505129,"orthographic":false}