{"cameraMode":{"drawMode":0,"name":"Shaded","section":"Shading Mode"},"sceneLighting":false,"audioPlay":false,"sceneViewState":{"showFog":false,"showMaterialUpdate":false,"showSkybox":false,"showFlares":false,"showImageEffects":false,"showParticleSystems":false},"in2DMode":false,"pivot":{"x":-4.12255859375,"y":-4.63916015625,"z":-0.33160400390625},"rotation":{"x":0.06685096770524979,"y":0.732975423336029,"z":-0.0728011503815651,"w":0.6730400323867798},"size":3.3501155376434328,"orthographic":true}